sofifa_id,short_name,age,nationality,overall,club,value_eur,wage_eur,preferred_foot,team_position,height_cm,weight_kg,height_in,weight_lbs,bmi
158023,L. Messi,32,Argentina,94,FC Barcelona,95500000,565000,Left,RW,170,72,66.9,158.7,24.91
20801,Cristiano Ronaldo,34,Portugal,93,Juventus,58500000,405000,Right,LW,187,83,73.6,183.0,23.74
190871,Neymar Jr,27,Brazil,92,Paris Saint-Germain,105500000,290000,Right,CAM,175,68,68.9,149.9,22.2
200389,J. Oblak,26,Slovenia,91,Atlético Madrid,77500000,125000,Right,GK,188,87,74.0,191.8,24.62
183277,E. Hazard,28,Belgium,91,Real Madrid,90000000,470000,Right,LW,175,74,68.9,163.1,24.16
192985,K. De Bruyne,28,Belgium,91,Manchester City,90000000,370000,Right,RCM,181,70,71.3,154.3,21.37
192448,M. ter Stegen,27,Germany,90,FC Barcelona,67500000,250000,Right,GK,187,85,73.6,187.4,24.31
203376,V. van Dijk,27,Netherlands,90,Liverpool,78000000,200000,Right,LCB,193,92,76.0,202.8,24.7
177003,L. Modrić,33,Croatia,90,Real Madrid,45000000,340000,Right,RCM,172,66,67.7,145.5,22.31
209331,M. Salah,27,Egypt,90,Liverpool,80500000,240000,Left,RW,175,71,68.9,156.5,23.18
231747,K. Mbappé,20,France,89,Paris Saint-Germain,93500000,155000,Right,RW,178,73,70.1,160.9,23.04
201024,K. Koulibaly,28,Senegal,89,Napoli,67500000,150000,Right,LCB,187,89,73.6,196.2,25.45
202126,H. Kane,25,England,89,Tottenham Hotspur,83000000,220000,Right,ST,188,89,74.0,196.2,25.18
212831,Alisson,26,Brazil,89,Liverpool,58000000,155000,Right,GK,191,91,75.2,200.6,24.94
193080,De Gea,28,Spain,89,Manchester United,56000000,205000,Right,GK,192,82,75.6,180.8,22.24
215914,N. Kanté,28,France,89,Chelsea,66000000,235000,Right,RCM,168,72,66.1,158.7,25.51
138956,G. Chiellini,34,Italy,89,Juventus,24500000,215000,Left,LCB,187,85,73.6,187.4,24.31
153079,S. Agüero,31,Argentina,89,Manchester City,60000000,300000,Right,ST,173,70,68.1,154.3,23.39
155862,Sergio Ramos,33,Spain,89,Real Madrid,31500000,300000,Right,LCB,184,82,72.4,180.8,24.22
176580,L. Suárez,32,Uruguay,89,FC Barcelona,53000000,355000,Right,ST,182,86,71.7,189.6,25.96
188545,R. Lewandowski,30,Poland,89,FC Bayern München,64500000,235000,Right,ST,184,80,72.4,176.4,23.63
189511,Sergio Busquets,30,Spain,89,FC Barcelona,55000000,300000,Right,CDM,189,76,74.4,167.6,21.28
194765,A. Griezmann,28,France,89,FC Barcelona,69000000,370000,Left,LW,176,73,69.3,160.9,23.57
211110,P. Dybala,25,Argentina,88,Juventus,76500000,215000,Left,RW,177,75,69.7,165.3,23.94
195864,P. Pogba,26,France,88,Manchester United,72500000,250000,Right,LDM,191,84,75.2,185.2,23.03
210257,Ederson,25,Brazil,88,Manchester City,54500000,185000,Left,GK,188,86,74.0,189.6,24.33
202652,R. Sterling,24,England,88,Manchester City,73000000,255000,Right,LW,170,69,66.9,152.1,23.88
190460,C. Eriksen,27,Denmark,88,Tottenham Hotspur,68000000,205000,Right,RM,181,76,71.3,167.6,23.2
192119,T. Courtois,27,Belgium,88,Real Madrid,48000000,235000,Left,GK,199,96,78.3,211.6,24.24
152729,Piqué,32,Spain,88,FC Barcelona,38000000,285000,Right,RCB,194,85,76.4,187.4,22.58
162835,S. Handanovič,34,Slovenia,88,Inter,26000000,110000,Right,GK,193,92,76.0,202.8,24.7
167495,M. Neuer,33,Germany,88,FC Bayern München,32000000,155000,Right,GK,193,92,76.0,202.8,24.7
167948,H. Lloris,32,France,88,Tottenham Hotspur,36000000,150000,Left,GK,188,82,74.0,180.8,23.2
168542,David Silva,33,Spain,88,Manchester City,36000000,265000,Left,LCM,173,67,68.1,147.7,22.39
179813,E. Cavani,32,Uruguay,88,Paris Saint-Germain,47000000,195000,Right,ST,185,77,72.8,169.8,22.5
182493,D. Godín,33,Uruguay,88,Inter,28000000,135000,Right,RCB,187,78,73.6,172.0,22.31
182521,T. Kroos,29,Germany,88,Real Madrid,57000000,330000,Right,LCM,183,76,72.0,167.6,22.69
188350,M. Reus,30,Germany,88,Borussia Dortmund,56000000,170000,Right,CAM,180,71,70.9,156.5,21.91
188567,P. Aubameyang,30,Gabon,88,Arsenal,57000000,205000,Right,LM,187,80,73.6,176.4,22.88
208722,S. Mané,27,Senegal,88,Liverpool,62000000,220000,Right,LW,175,69,68.9,152.1,22.53
212218,A. Laporte,25,France,87,Manchester City,56500000,195000,Left,LCB,189,85,74.4,187.4,23.8
218667,Bernardo Silva,24,Portugal,87,Manchester City,64000000,210000,Left,RW,173,64,68.1,141.1,21.38
200145,Casemiro,27,Brazil,87,Real Madrid,53500000,240000,Right,CDM,185,84,72.8,185.2,24.54
200104,H. Son,26,Korea Republic,87,Tottenham Hotspur,60000000,185000,Right,LM,183,78,72.0,172.0,23.29
135507,Fernandinho,34,Brazil,87,Manchester City,19500000,200000,Right,CDM,179,67,70.5,147.7,20.91
164240,Thiago Silva,34,Brazil,87,Paris Saint-Germain,18500000,135000,Right,LCB,183,82,72.0,180.8,24.49
165153,K. Benzema,31,France,87,Real Madrid,45000000,285000,Right,CF,185,81,72.8,178.6,23.67
172871,J. Vertonghen,32,Belgium,87,Tottenham Hotspur,32500000,155000,Left,LCB,189,86,74.4,189.6,24.08
175943,D. Mertens,32,Belgium,87,Napoli,40000000,135000,Right,SUB,169,61,66.5,134.5,21.36
178603,M. Hummels,30,Germany,87,Borussia Dortmund,41000000,130000,Right,LCB,191,94,75.2,207.2,25.77
184087,T. Alderweireld,30,Belgium,87,Tottenham Hotspur,41000000,155000,Right,RCB,186,81,73.2,178.6,23.41
189332,Jordi Alba,30,Spain,87,FC Barcelona,40000000,240000,Left,LB,170,68,66.9,149.9,23.53
189509,Thiago,28,Spain,87,FC Bayern München,50000000,180000,Right,CDM,174,70,68.5,154.3,23.12
193041,K. Navas,32,Costa Rica,87,Real Madrid,30500000,195000,Right,SUB,185,80,72.8,176.4,23.37
198219,L. Insigne,28,Italy,87,Napoli,52000000,140000,Right,LS,163,59,64.2,130.1,22.21
222492,L. Sané,23,Germany,86,Manchester City,61000000,195000,Left,SUB,183,75,72.0,165.3,22.4
207865,Marquinhos,25,Brazil,86,Paris Saint-Germain,51500000,120000,Right,RCB,183,75,72.0,165.3,22.4
232363,M. Škriniar,24,Slovakia,86,Inter,52000000,89000,Right,LCB,187,80,73.6,176.4,22.88
199556,M. Verratti,26,Italy,86,Paris Saint-Germain,54500000,140000,Right,RCM,165,60,65.0,132.3,22.04
205600,S. Umtiti,25,France,86,FC Barcelona,50000000,210000,Left,SUB,182,75,71.7,165.3,22.64
186153,W. Szczęsny,29,Poland,86,Juventus,37500000,135000,Right,GK,195,90,76.8,198.4,23.67
212622,J. Kimmich,24,Germany,86,FC Bayern München,48000000,125000,Right,RB,176,73,69.3,160.9,23.57
197781,Isco,27,Spain,86,Real Madrid,51000000,245000,Right,SUB,176,79,69.3,174.2,25.5
201942,Roberto Firmino,27,Brazil,86,Liverpool,52000000,170000,Right,CF,181,76,71.3,167.6,23.2
168651,I. Rakitić,31,Croatia,86,FC Barcelona,38000000,245000,Right,RCM,184,78,72.4,172.0,23.04
180206,M. Pjanić,29,Bosnia Herzegovina,86,Juventus,42500000,180000,Right,CDM,178,72,70.1,158.7,22.72
183898,A. Di María,31,Argentina,86,Paris Saint-Germain,39000000,150000,Left,LW,180,69,70.9,152.1,21.3
184344,L. Bonucci,32,Italy,86,Juventus,28500000,160000,Right,RCB,190,85,74.8,187.4,23.55
189242,Coutinho,27,Brazil,86,FC Bayern München,46500000,175000,Right,LCM,172,68,67.7,149.9,22.99
189513,Parejo,30,Spain,86,Valencia CF,41000000,69000,Right,RCM,182,74,71.7,163.1,22.34
189596,T. Müller,29,Germany,86,FC Bayern München,43500000,170000,Right,SUB,186,75,73.2,165.3,21.68
192387,C. Immobile,29,Italy,86,Lazio,44500000,105000,Right,ST,185,85,72.8,187.4,24.84
193301,A. Lacazette,28,France,86,Arsenal,46000000,165000,Right,ST,175,73,68.9,160.9,23.84
235243,M. de Ligt,19,Netherlands,85,Juventus,50000000,76000,Right,SUB,189,89,74.4,196.2,24.92
230621,G. Donnarumma,20,Italy,85,Milan,41500000,34000,Right,GK,196,90,77.2,198.4,23.43
228702,F. de Jong,22,Netherlands,85,FC Barcelona,52000000,195000,Right,LCM,180,74,70.9,163.1,22.84
201535,R. Varane,26,France,85,Real Madrid,45000000,205000,Right,RCB,191,81,75.2,178.6,22.2
212190,N. Süle,23,Germany,85,FC Bayern München,46500000,115000,Right,RCB,195,97,76.8,213.8,25.51
223848,S. Milinković-Savić,24,Serbia,85,Lazio,50500000,73000,Right,RDM,191,76,75.2,167.6,20.83
231866,Rodri,23,Spain,85,Manchester City,47000000,150000,Right,SUB,191,82,75.2,180.8,22.48
208421,Saúl,24,Spain,85,Atlético Madrid,49500000,77000,Left,LCM,184,77,72.4,169.8,22.74
209499,Fabinho,25,Brazil,85,Liverpool,45000000,125000,Right,CDM,188,78,74.0,172.0,22.07
216267,A. Robertson,25,Scotland,85,Liverpool,43500000,125000,Left,LB,178,64,70.1,141.1,20.2
216460,J. Giménez,24,Uruguay,85,Atlético Madrid,45000000,69000,Right,RCB,185,80,72.8,176.4,23.37
220440,C. Lenglet,24,France,85,FC Barcelona,45000000,175000,Left,LCB,186,81,73.2,178.6,23.41
212198,Bruno Fernandes,24,Portugal,85,Sporting CP,49000000,24000,Right,RCM,179,69,70.5,152.1,21.53
199482,A. Lopes,28,Portugal,85,Olympique Lyonnais,33500000,88000,Left,GK,184,81,72.4,178.6,23.92
185122,P. Gulácsi,29,Hungary,85,RB Leipzig,31000000,69000,Right,GK,192,86,75.6,189.6,23.33
189117,R. Bürki,28,Switzerland,85,Borussia Dortmund,32000000,92000,Right,GK,187,85,73.6,187.4,24.31
192505,R. Lukaku,26,Belgium,85,Inter,46000000,115000,Left,LS,190,94,74.8,207.2,26.04
192774,K. Manolas,28,Greece,85,Napoli,37500000,105000,Right,RCB,189,83,74.4,183.0,23.24
194404,Neto,29,Brazil,85,FC Barcelona,31000000,175000,Right,SUB,190,84,74.8,185.2,23.27
197445,D. Alaba,27,Austria,85,FC Bayern München,38000000,135000,Left,LB,180,78,70.9,172.0,24.07
201399,M. Icardi,26,Argentina,85,Inter,46000000,115000,Right,RES,181,75,71.3,165.3,22.89
204963,Carvajal,27,Spain,85,Real Madrid,38000000,205000,Right,RB,173,73,68.1,160.9,24.39
208670,H. Ziyech,26,Morocco,85,Ajax,45000000,39000,Left,RAM,181,65,71.3,143.3,19.84
41236,Z. Ibrahimović,37,Sweden,85,LA Galaxy,14000000,15000,Right,ST,195,95,76.8,209.4,24.98
143076,A. Gómez,31,Argentina,85,Atalanta,34000000,92000,Right,CAM,165,68,65.0,149.9,24.98
167664,G. Higuaín,31,Argentina,85,Juventus,34500000,175000,Right,SUB,186,89,73.2,196.2,25.73
170890,B. Matuidi,32,France,85,Juventus,25000000,145000,Left,SUB,180,75,70.9,165.3,23.15
173731,G. Bale,29,Wales,85,Real Madrid,37500000,250000,Left,SUB,185,82,72.8,180.8,23.96
176676,Marcelo,31,Brazil,85,Real Madrid,28000000,205000,Left,LB,174,75,68.5,165.3,24.77
177413,A. Witsel,30,Belgium,85,Borussia Dortmund,31500000,110000,Right,LDM,186,81,73.2,178.6,23.41
191043,Alex Sandro,28,Brazil,85,Juventus,33000000,155000,Left,LB,180,80,70.9,176.4,24.69
192629,Iago Aspas,31,Spain,85,RC Celta,34500000,49000,Left,RS,176,67,69.3,147.7,21.63
193747,Koke,27,Spain,85,Atlético Madrid,40500000,88000,Right,RM,176,74,69.3,163.1,23.89
198710,J. Rodríguez,27,Colombia,85,Real Madrid,40500000,225000,Left,SUB,180,75,70.9,165.3,23.15
199914,Allan,28,Brazil,85,Napoli,38000000,110000,Right,RCM,175,74,68.9,163.1,24.16
233049,J. Sancho,19,England,84,Borussia Dortmund,44500000,61000,Right,RM,180,76,70.9,167.6,23.46
235790,K. Havertz,20,Germany,84,Bayer 04 Leverkusen,46000000,70000,Left,RF,188,83,74.0,183.0,23.48
231443,O. Dembélé,22,France,84,FC Barcelona,42500000,195000,Left,SUB,178,67,70.1,147.7,21.15
206585,Kepa,24,Spain,84,Chelsea,31000000,92000,Right,GK,186,85,73.2,187.4,24.57
210514,João Cancelo,25,Portugal,84,Manchester City,36500000,150000,Right,SUB,182,74,71.7,163.1,22.34
211117,D. Alli,23,England,84,Tottenham Hotspur,41500000,115000,Right,CAM,188,80,74.0,176.4,22.63
220814,L. Hernández,23,France,84,FC Bayern München,37500000,110000,Left,LCB,182,76,71.7,167.6,22.94
230658,Arthur,22,Brazil,84,FC Barcelona,41000000,180000,Right,SUB,171,73,67.3,160.9,24.96
202556,M. Depay,25,Netherlands,84,Olympique Lyonnais,40500000,110000,Right,LW,176,78,69.3,172.0,25.18
209658,L. Goretzka,24,Germany,84,FC Bayern München,40000000,120000,Right,SUB,189,79,74.4,174.2,22.12
212194,J. Brandt,23,Germany,84,Borussia Dortmund,40500000,94000,Right,SUB,185,83,72.8,183.0,24.25
213345,K. Coman,23,France,84,FC Bayern München,40500000,120000,Right,LW,179,75,70.5,165.3,23.41
206113,S. Gnabry,23,Germany,84,FC Bayern München,39500000,120000,Right,RW,175,75,68.9,165.3,24.49
216594,N. Fekir,25,France,84,Real Betis,39000000,40000,Left,RM,173,75,68.1,165.3,25.06
192563,B. Leno,27,Germany,84,Arsenal,26000000,91000,Right,GK,190,83,74.8,183.0,22.99
198706,Luis Alberto,26,Spain,84,Lazio,37500000,78000,Right,CM,183,74,72.0,163.1,22.1
212462,Alex Telles,26,Brazil,84,FC Porto,33000000,23000,Left,LB,181,71,71.3,156.5,21.67
236583,J. Pavlenka,27,Czech Republic,84,SV Werder Bremen,26000000,37000,Right,GK,196,81,77.2,178.6,21.08
198176,S. de Vrij,27,Netherlands,84,Inter,31500000,88000,Right,CB,189,78,74.4,172.0,21.84
201995,Felipe Anderson,26,Brazil,84,West Ham United,36500000,125000,Right,RM,175,70,68.9,154.3,22.86
120533,Pepe,36,Portugal,84,FC Porto,6500000,16000,Right,RCB,188,81,74.0,178.6,22.92
162347,João Moutinho,32,Portugal,84,Wolverhampton Wanderers,23500000,125000,Right,LCM,170,61,66.9,134.5,21.11
167628,S. Ruffier,32,France,84,AS Saint-Étienne,19000000,41000,Right,GK,188,93,74.0,205.0,26.31
168435,S. Sirigu,32,Italy,84,Torino,19000000,54000,Right,GK,192,80,75.6,176.4,21.7
171877,M. Hamšík,31,Slovakia,84,Dalian YiFang FC,26500000,26000,Right,CAM,183,73,72.0,160.9,21.8
172879,Sokratis,31,Greece,84,Arsenal,23000000,115000,Right,RCB,186,85,73.2,187.4,24.57
176266,Lucas Leiva,32,Brazil,84,Lazio,20500000,71000,Right,LDM,179,78,70.5,172.0,24.34
176635,M. Özil,30,Germany,84,Arsenal,29500000,125000,Left,CAM,180,76,70.9,167.6,23.46
177610,Javi Martínez,30,Spain,84,FC Bayern München,25500000,125000,Right,SUB,192,86,75.6,189.6,23.33
177683,Y. Sommer,30,Switzerland,84,Borussia Mönchengladbach,21000000,37000,Right,GK,183,79,72.0,174.2,23.59
180930,E. Džeko,33,Bosnia Herzegovina,84,Roma,19500000,75000,Right,ST,193,80,76.0,176.4,21.48
181291,G. Wijnaldum,28,Netherlands,84,Liverpool,31000000,140000,Right,LCM,175,69,68.9,152.1,22.53
181458,I. Perišić,30,Croatia,84,FC Bayern München,29500000,135000,Right,SUB,186,80,73.2,176.4,23.12
181783,M. Mandžukić,33,Croatia,84,Juventus,19500000,160000,Right,ST,190,85,74.8,187.4,23.55
181872,A. Vidal,32,Chile,84,FC Barcelona,23500000,205000,Right,SUB,180,75,70.9,165.3,23.15
183907,J. Boateng,30,Germany,84,FC Bayern München,25000000,125000,Right,SUB,192,90,75.6,198.4,24.41
184432,Azpilicueta,29,Spain,84,Chelsea,25500000,145000,Right,RB,178,76,70.1,167.6,23.99
185020,José Callejón,32,Spain,84,Napoli,24000000,96000,Right,RM,178,73,70.1,160.9,23.04
186942,I. Gündoğan,28,Germany,84,Manchester City,31000000,180000,Right,SUB,180,80,70.9,176.4,24.69
187961,Paulinho,30,Brazil,84,Guangzhou Evergrande Taobao FC,29000000,43000,Right,LCM,183,80,72.0,176.4,23.89
188377,K. Walker,29,England,84,Manchester City,25500000,165000,Right,RB,183,70,72.0,154.3,20.9
190286,Canales,28,Spain,84,Real Betis,31500000,44000,Left,RCM,176,65,69.3,143.3,20.98
190483,Douglas Costa,28,Brazil,84,Juventus,31500000,155000,Left,SUB,172,70,67.7,154.3,23.66
197965,Pizzi,29,Portugal,84,SL Benfica,30500000,26000,Right,RM,177,72,69.7,158.7,22.98
199434,D. Tadić,30,Serbia,84,Ajax,29500000,36000,Left,ST,181,76,71.3,167.6,23.2
200647,J. Iličić,31,Slovenia,84,Atalanta,28000000,92000,Left,RS,190,79,74.8,174.2,21.88
204485,R. Mahrez,28,Algeria,84,Manchester City,31500000,195000,Left,SUB,179,67,70.5,147.7,20.91
205678,E. Višća,29,Bosnia Herzegovina,84,Medipol Başakşehir FK,30500000,67000,Right,RM,172,63,67.7,138.9,21.3
207863,Felipe,30,Brazil,84,Atlético Madrid,25000000,74000,Right,LCB,190,83,74.8,183.0,22.99
226271,Fabián,23,Spain,83,Napoli,36000000,76000,Left,LCM,189,70,74.4,154.3,19.6
210413,A. Romagnoli,24,Italy,83,Milan,32000000,46000,Left,LCB,188,78,74.0,172.0,22.07
226226,G. Lo Celso,23,Argentina,83,Tottenham Hotspur,35000000,105000,Left,SUB,177,68,69.7,149.9,21.71
231281,T. Alexander-Arnold,20,England,83,Liverpool,32000000,78000,Right,RB,180,69,70.9,152.1,21.3
232432,L. Jović,21,Serbia,83,Real Madrid,36500000,155000,Right,SUB,182,85,71.7,187.4,25.66
205175,A. Milik,25,Poland,83,Napoli,35000000,91000,Left,RS,186,78,73.2,172.0,22.55
211300,A. Martial,23,France,83,Manchester United,34500000,140000,Right,ST,184,76,72.4,167.6,22.45
212523,Anderson Talisca,25,Brazil,83,Guangzhou Evergrande Taobao FC,34500000,38000,Left,RW,190,80,74.8,176.4,22.16
213331,J. Tah,23,Germany,83,Bayer 04 Leverkusen,31000000,67000,Right,RCB,195,97,76.8,213.8,25.51
219683,C. Tolisso,24,France,83,FC Bayern München,34000000,110000,Right,RCM,181,81,71.3,178.6,24.72
221087,Pau López,24,Spain,83,Roma,26000000,38000,Left,GK,189,77,74.4,169.8,21.56
224411,Gonçalo Guedes,22,Portugal,83,Valencia CF,34500000,46000,Right,LM,179,68,70.5,149.9,21.22
226110,N. Pépé,24,Ivory Coast,83,Arsenal,34500000,97000,Left,RM,183,73,72.0,160.9,21.8
229237,M. Akanji,23,Switzerland,83,Borussia Dortmund,31000000,77000,Right,RCB,187,91,73.6,200.6,26.02
231677,M. Rashford,21,England,83,Manchester United,35500000,125000,Right,LM,186,70,73.2,154.3,20.23
203574,J. Stones,25,England,83,Manchester City,30000000,140000,Right,RCB,188,70,74.0,154.3,19.81
210008,A. Rabiot,24,France,83,Juventus,33000000,120000,Left,LCM,192,80,75.6,176.4,21.7
210035,Grimaldo,23,Spain,83,SL Benfica,29500000,18000,Left,LB,171,69,67.3,152.1,23.6
212188,T. Werner,23,Germany,83,RB Leipzig,34500000,70000,Right,LS,180,75,70.9,165.3,23.15
213565,T. Lemar,23,France,83,Atlético Madrid,34000000,64000,Left,LM,171,62,67.3,136.7,21.2
220793,D. Sánchez,23,Colombia,83,Tottenham Hotspur,30500000,93000,Right,SUB,187,79,73.6,174.2,22.59
220834,Marco Asensio,23,Spain,83,Real Madrid,34000000,180000,Left,SUB,182,76,71.7,167.6,22.94
200458,L. Digne,25,France,83,Everton,28500000,97000,Left,LB,178,74,70.1,163.1,23.36
202166,J. Draxler,25,Germany,83,Paris Saint-Germain,32500000,100000,Right,SUB,187,77,73.6,169.8,22.02
204935,J. Pickford,25,England,83,Everton,24000000,78000,Left,GK,185,77,72.8,169.8,22.5
208418,Y. Carrasco,25,Belgium,83,Dalian YiFang FC,32500000,23000,Right,LM,180,71,70.9,156.5,21.91
224179,Borja Iglesias,26,Spain,83,Real Betis,32500000,41000,Right,ST,187,86,73.6,189.6,24.59
192984,K. Casteels,27,Belgium,83,VfL Wolfsburg,22000000,50000,Left,GK,197,86,77.6,189.6,22.16
198717,W. Zaha,26,Ivory Coast,83,Crystal Palace,32000000,89000,Right,LS,180,66,70.9,145.5,20.37
200454,Paco Alcácer,25,Spain,83,Borussia Dortmund,32000000,105000,Right,ST,175,72,68.9,158.7,23.51
201153,Morata,26,Spain,83,Atlético Madrid,32000000,80000,Right,LS,189,84,74.4,185.2,23.52
205693,S. Haller,25,France,83,West Ham United,32000000,120000,Right,ST,190,82,74.8,180.8,22.71
207566,William Carvalho,27,Portugal,83,Real Betis,27500000,35000,Right,CDM,187,83,73.6,183.0,23.74
212404,F. Bernardeschi,25,Italy,83,Juventus,31500000,130000,Left,SUB,185,77,72.8,169.8,22.5
217940,D. Djené,27,Togo,83,Getafe CF,27000000,35000,Right,RCB,178,72,70.1,158.7,22.72
188152,Oscar,27,Brazil,83,Shanghai SIPG FC,29500000,29000,Right,RCM,181,71,71.3,156.5,21.67
188943,K. Trapp,28,Germany,83,Eintracht Frankfurt,21500000,42000,Right,GK,189,86,74.4,189.6,24.08
198141,Bartra,28,Spain,83,Real Betis,25500000,36000,Right,RCB,184,73,72.4,160.9,21.56
198950,Pablo Sarabia,27,Spain,83,Paris Saint-Germain,29500000,105000,Left,SUB,174,70,68.5,154.3,23.12
199987,J. Cillessen,30,Netherlands,83,Valencia CF,20000000,39000,Right,GK,185,83,72.8,183.0,24.25
200949,Lucas Moura,26,Brazil,83,Tottenham Hotspur,31000000,130000,Right,SUB,174,70,68.5,154.3,23.12
204970,F. Thauvin,26,France,83,Olympique de Marseille,30500000,60000,Left,RW,179,70,70.5,154.3,21.85
205498,Jorginho,27,Italy,83,Chelsea,29000000,140000,Right,CDM,180,67,70.9,147.7,20.68
1179,G. Buffon,41,Italy,83,Juventus,2600000,58000,Right,SUB,192,92,75.6,202.8,24.96
5479,Casillas,38,Spain,83,FC Porto,2600000,11000,Left,RES,185,84,72.8,185.2,24.54
104389,R. Jarstein,34,Norway,83,Hertha BSC,11500000,33000,Right,GK,190,86,74.8,189.6,23.82
139720,V. Kompany,33,Belgium,83,RSC Anderlecht,12000000,31000,Right,LCB,190,85,74.8,187.4,23.55
157481,Raúl Albiol,33,Spain,83,Villarreal CF,12000000,45000,Right,RCB,190,82,74.8,180.8,22.71
159261,F. Quagliarella,36,Italy,83,Sampdoria,9500000,46000,Right,ST,180,79,70.9,174.2,24.38
163587,K. Schmeichel,32,Denmark,83,Leicester City,15500000,82000,Right,GK,189,89,74.4,196.2,24.92
167397,Falcao,33,Colombia,83,AS Monaco,16500000,64000,Right,LS,177,72,69.7,158.7,22.98
168609,Miranda,34,Brazil,83,Jiangsu Suning FC,9500000,32000,Right,RCB,186,78,73.2,172.0,22.55
169416,C. Vela,30,Mexico,83,Los Angeles FC,24500000,17000,Left,RW,177,77,69.7,169.8,24.58
170481,E. Garay,32,Argentina,83,Valencia CF,16500000,48000,Right,RCB,189,90,74.4,198.4,25.2
178005,Rui Patrício,31,Portugal,83,Wolverhampton Wanderers,16500000,82000,Left,GK,190,84,74.8,185.2,23.27
178518,R. Nainggolan,31,Belgium,83,Cagliari,22500000,51000,Right,CAM,176,77,69.3,169.8,24.86
178562,E. Banega,31,Argentina,83,Sevilla FC,19500000,26000,Right,RCM,174,71,68.5,156.5,23.45
179844,Diego Costa,30,Spain,83,Atlético Madrid,25000000,80000,Right,SUB,188,86,74.0,189.6,24.33
179846,S. Khedira,32,Germany,83,Juventus,19500000,135000,Right,RES,189,90,74.4,198.4,25.2
179944,David Luiz,32,Brazil,83,Arsenal,16500000,105000,Right,LCB,189,86,74.4,189.6,24.08
183574,M. Kruse,31,Germany,83,Fenerbahçe SK,23500000,105000,Left,CAM,180,76,70.9,167.6,23.46
183711,J. Henderson,29,England,83,Liverpool,22000000,115000,Right,RCM,182,80,71.7,176.4,24.15
184484,G. Sigurðsson,29,Iceland,83,Everton,25500000,120000,Right,CAM,186,77,73.2,169.8,22.26
186561,A. Ramsey,28,Wales,83,Juventus,25500000,140000,Right,SUB,183,76,72.0,167.6,22.69
190584,Illarramendi,29,Spain,83,Real Sociedad,22000000,42000,Right,RCM,179,75,70.5,165.3,23.41
190815,D. Blind,29,Netherlands,83,Ajax,22000000,31000,Left,LDM,180,72,70.9,158.7,22.22
190941,L. Hrádecký,29,Finland,83,Bayer 04 Leverkusen,18500000,67000,Right,GK,192,85,75.6,187.4,23.06
192366,N. Otamendi,31,Argentina,83,Manchester City,19000000,145000,Right,SUB,183,81,72.0,178.6,24.19
193082,J. Cuadrado,31,Colombia,83,Juventus,22500000,135000,Right,SUB,179,72,70.5,158.7,22.47
193474,I. Gueye,29,Senegal,83,Paris Saint-Germain,22000000,100000,Right,SUB,174,66,68.5,145.5,21.8
195365,K. Kampl,28,Slovenia,83,RB Leipzig,25500000,77000,Right,CM,178,67,70.1,147.7,21.15
198329,Rodrigo,28,Spain,83,Valencia CF,27000000,60000,Left,LS,182,77,71.7,169.8,23.25
199042,C. Aránguiz,30,Chile,83,Bayer 04 Leverkusen,24000000,86000,Right,LCM,171,70,67.3,154.3,23.94
199451,W. Ben Yedder,28,France,83,AS Monaco,27000000,67000,Right,RS,170,68,66.9,149.9,23.53
199845,F. Acerbi,31,Italy,83,Lazio,19000000,64000,Left,CB,192,88,75.6,194.0,23.87
200888,Danilo Pereira,27,Portugal,83,FC Porto,24000000,21000,Right,LCM,188,83,74.0,183.0,23.48
216354,A. Kramarić,28,Croatia,83,TSG 1899 Hoffenheim,27000000,61000,Right,LS,177,73,69.7,160.9,23.3
230294,Louri Beretta,27,Brazil,83,Atlético Mineiro,27500000,60000,Right,ST,188,83,74.0,183.0,23.48
230375,Josué Chiamulera,27,Brazil,83,Grêmio,23500000,43000,Right,RCB,185,80,72.8,176.4,23.37
230481,Ronaldo Cabrais,27,Brazil,83,Grêmio,27000000,51000,Right,RM,177,75,69.7,165.3,23.94
230142,Oyarzabal,22,Spain,82,Real Sociedad,31000000,39000,Left,LW,181,78,71.3,172.0,23.81
229906,L. Bailey,21,Jamaica,82,Bayer 04 Leverkusen,30500000,65000,Left,LM,178,79,70.1,174.2,24.93
230666,Gabriel Jesus,22,Brazil,82,Manchester City,31000000,140000,Right,SUB,175,73,68.9,160.9,23.84
207410,M. Kovačić,25,Croatia,82,Chelsea,29000000,125000,Right,SUB,176,78,69.3,172.0,25.18
208596,A. Belotti,25,Italy,82,Torino,30000000,63000,Right,ST,181,72,71.3,158.7,21.98
212151,T. Strakosha,24,Albania,82,Lazio,22000000,39000,Right,GK,193,78,76.0,172.0,20.94
220971,N. Keïta,24,Guinea,82,Liverpool,29000000,95000,Right,SUB,172,64,67.7,141.1,21.63
223959,L. Torreira,23,Uruguay,82,Arsenal,27000000,80000,Right,RDM,168,64,66.1,141.1,22.68
224293,Rúben Neves,22,Portugal,82,Wolverhampton Wanderers,29000000,89000,Right,CM,180,80,70.9,176.4,24.69
225850,P. Kimpembe,23,France,82,Paris Saint-Germain,26500000,75000,Left,SUB,189,80,74.4,176.4,22.4
225953,S. Bergwijn,21,Netherlands,82,PSV,30000000,22000,Right,CAM,178,78,70.1,172.0,24.62
226753,A. Onana,23,Cameroon,82,Ajax,22000000,18000,Right,GK,187,93,73.6,205.0,26.59
227928,Nélson Semedo,25,Portugal,82,FC Barcelona,26000000,150000,Right,RB,177,67,69.7,147.7,21.39
193105,A. Areola,26,France,82,Paris Saint-Germain,21000000,71000,Right,GK,195,94,76.8,207.2,24.72
198009,M. Perin,26,Italy,82,Juventus,21000000,90000,Right,SUB,188,77,74.0,169.8,21.79
211320,D. Rugani,24,Italy,82,Juventus,26000000,95000,Right,RES,190,84,74.8,185.2,23.27
214997,A. Correa,24,Argentina,82,Atlético Madrid,29000000,59000,Right,SUB,171,68,67.3,149.9,23.26
216201,Iñaki Williams,25,Spain,82,Athletic Club de Bilbao,29000000,36000,Right,RW,186,79,73.2,174.2,22.84
221992,H. Lozano,23,Mexico,82,PSV,29000000,26000,Right,RW,175,70,68.9,154.3,22.86
227055,Gelson Martins,24,Portugal,82,AS Monaco,29000000,47000,Right,RM,173,74,68.1,163.1,24.73
200726,B. Lecomte,28,France,82,AS Monaco,20000000,42000,Left,GK,186,78,73.2,172.0,22.55
209989,T. Partey,26,Ghana,82,Atlético Madrid,27000000,68000,Right,RCM,185,77,72.8,169.8,22.5
211748,K. Demirbay,25,Germany,82,Bayer 04 Leverkusen,27500000,75000,Left,LF,182,72,71.7,158.7,21.74
197061,J. Matip,27,Cameroon,82,Liverpool,23000000,99000,Right,SUB,194,90,76.4,198.4,23.91
202651,Suso,25,Spain,82,Milan,27000000,56000,Left,RS,176,70,69.3,154.3,22.6
204639,S. Savić,28,Montenegro,82,Atlético Madrid,22500000,65000,Right,SUB,187,79,73.6,174.2,22.59
205452,A. Rüdiger,26,Germany,82,Chelsea,24000000,115000,Right,SUB,190,85,74.8,187.4,23.55
209960,Pacheco,27,Spain,82,Deportivo Alavés,18500000,27000,Left,GK,186,81,73.2,178.6,23.41
210243,Ricardo Pereira,25,Portugal,82,Leicester City,23500000,89000,Right,RB,175,70,68.9,154.3,22.86
211256,N. Tagliafico,26,Argentina,82,Ajax,23500000,27000,Left,LB,172,65,67.7,143.3,21.97
223952,David Soria,26,Spain,82,Getafe CF,19500000,26000,Right,GK,192,85,75.6,187.4,23.06
178750,Sergio Asenjo,30,Spain,82,Villarreal CF,17000000,33000,Right,GK,189,87,74.4,191.8,24.36
189575,Muniain,26,Spain,82,Athletic Club de Bilbao,26000000,35000,Right,LW,170,66,66.9,145.5,22.84
192318,M. Götze,27,Germany,82,Borussia Dortmund,26000000,98000,Right,SUB,176,75,69.3,165.3,24.21
193283,T. Delaney,27,Denmark,82,Borussia Dortmund,23000000,82000,Left,SUB,182,79,71.7,174.2,23.85
193698,O. Baumann,29,Germany,82,TSG 1899 Hoffenheim,18000000,39000,Right,GK,187,82,73.6,180.8,23.45
195093,Willian José,27,Brazil,82,Real Sociedad,26000000,44000,Right,ST,189,93,74.4,205.0,26.04
199564,Sergi Roberto,27,Spain,82,FC Barcelona,22000000,155000,Right,SUB,178,68,70.1,149.9,21.46
200536,N. Schulz,26,Germany,82,Borussia Dortmund,22500000,82000,Left,LB,181,83,71.3,183.0,25.34
200610,K. Volland,26,Germany,82,Bayer 04 Leverkusen,26500000,85000,Left,ST,179,83,70.5,183.0,25.9
200724,Nacho Fernández,29,Spain,82,Real Madrid,21000000,165000,Right,SUB,180,76,70.9,167.6,23.46
201305,Gabriel Paulista,28,Brazil,82,Valencia CF,21500000,46000,Right,LCB,187,79,73.6,174.2,22.59
202562,J. Roussillon,26,France,82,VfL Wolfsburg,22500000,56000,Left,LM,175,80,68.9,176.4,26.12
203263,H. Maguire,26,England,82,Manchester United,23000000,125000,Right,LCB,194,100,76.4,220.5,26.57
203486,T. Hazard,26,Belgium,82,Borussia Dortmund,26000000,90000,Right,LM,175,71,68.9,156.5,23.18
208448,E. Forsberg,27,Sweden,82,RB Leipzig,25500000,67000,Right,LCM,179,74,70.5,163.1,23.1
208574,F. Kostić,26,Serbia,82,Eintracht Frankfurt,26000000,49000,Left,LM,184,82,72.4,180.8,24.22
216409,M. Politano,25,Italy,82,Inter,26500000,77000,Left,SUB,171,67,67.3,147.7,22.91
216547,Rafa,26,Portugal,82,SL Benfica,26000000,21000,Right,LM,172,66,67.7,145.5,22.31
24630,Pepe Reina,36,Spain,82,Milan,3700000,26000,Right,SUB,188,92,74.0,202.8,26.03
53302,D. De Rossi,35,Italy,82,Boca Juniors,7000000,23000,Right,LCM,184,83,72.4,183.0,24.52
106231,Aduriz,38,Spain,82,Athletic Club de Bilbao,8000000,29000,Right,ST,182,78,71.7,172.0,23.55
146536,Jesús Navas,33,Spain,82,Sevilla FC,13500000,26000,Right,RB,170,60,66.9,132.3,20.76
146562,Santi Cazorla,34,Spain,82,Villarreal CF,11000000,45000,Right,CAM,168,65,66.1,143.3,23.03
156519,H. Herrera,29,Mexico,82,Atlético Madrid,21500000,70000,Right,SUB,185,80,72.8,176.4,23.37
158963,L. Biglia,33,Argentina,82,Milan,11000000,49000,Right,CM,178,63,70.1,138.9,19.88
164835,L. Fabiański,34,Poland,82,West Ham United,9500000,75000,Right,GK,190,83,74.8,183.0,22.99
168354,E. Viviano,33,Italy,82,Sporting CP,12000000,15000,Left,RES,195,90,76.8,198.4,23.67
178088,Juan Mata,31,Spain,82,Manchester United,19500000,135000,Left,SUB,170,63,66.9,138.9,21.8
178509,O. Giroud,32,France,82,Chelsea,17500000,140000,Left,SUB,193,92,76.0,202.8,24.7
179645,S. Kjær,30,Denmark,82,Sevilla FC,18000000,24000,Right,RCB,191,84,75.2,185.2,23.03
180403,Willian,30,Brazil,82,Chelsea,21000000,140000,Right,SUB,175,78,68.9,172.0,25.47
181786,V. Ćorluka,33,Croatia,82,Lokomotiv Moscow,10500000,1000,Right,LCB,192,84,75.6,185.2,22.79
184200,M. Arnautović,30,Austria,82,Shanghai SIPG FC,21500000,29000,Right,ST,192,83,75.6,183.0,22.52
184941,A. Sánchez,30,Chile,82,Manchester United,21000000,150000,Right,SUB,169,62,66.5,136.7,21.71
184942,Giuliano,29,Brazil,82,Al Nassr,21500000,59000,Right,CAM,172,68,67.7,149.9,22.99
185103,A. Kolarov,33,Serbia,82,Roma,10000000,52000,Left,LB,187,81,73.6,178.6,23.16
186627,M. Balotelli,28,Italy,82,Brescia,23000000,27000,Right,RS,189,88,74.4,194.0,24.64
187754,Marlos,31,Ukraine,82,Shakhtar Donetsk,19500000,1000,Left,RAM,174,69,68.5,152.1,22.79
188803,Taison,31,Brazil,82,Shakhtar Donetsk,19500000,1000,Right,LAM,172,64,67.7,141.1,21.63
189068,B. Dost,30,Netherlands,82,Sporting CP,21500000,23000,Right,SUB,196,89,77.2,196.2,23.17
189125,G. Bonaventura,29,Italy,82,Milan,21500000,56000,Right,SUB,181,75,71.3,165.3,22.89
189505,Pedro,31,Spain,82,Chelsea,19500000,140000,Right,RW,169,65,66.5,143.3,22.76
189805,L. de Jong,28,Netherlands,82,Sevilla FC,23000000,29000,Right,ST,188,86,74.0,189.6,24.33
190813,S. El Shaarawy,26,Italy,82,Shanghai Greenland Shenhua FC,24000000,29000,Right,LW,178,72,70.1,158.7,22.72
191740,Ander Herrera,29,Spain,82,Paris Saint-Germain,21500000,100000,Right,LCM,182,73,71.7,160.9,22.04
193348,X. Shaqiri,27,Switzerland,82,Liverpool,23000000,120000,Left,SUB,169,72,66.5,158.7,25.21
193525,Mário Fernandes,28,Russia,82,PFC CSKA Moscow,19000000,1000,Right,RM,187,80,73.6,176.4,22.88
197655,S. Coates,28,Uruguay,82,Sporting CP,19500000,20000,Right,RCB,196,92,77.2,202.8,23.95
198951,C. Bakambu,28,DR Congo,82,Beijing Sinobo Guoan FC,23000000,34000,Right,RS,182,74,71.7,163.1,22.34
202371,T. Meunier,27,Belgium,82,Paris Saint-Germain,20000000,87000,Right,SUB,191,90,75.2,198.4,24.67
202857,K. Bellarabi,29,Germany,82,Bayer 04 Leverkusen,21500000,89000,Right,SUB,184,81,72.4,178.6,23.92
207494,J. Lingard,26,England,82,Manchester United,24000000,135000,Right,CAM,175,62,68.9,136.7,20.24
208808,Q. Promes,27,Netherlands,82,Ajax,23000000,32000,Right,SUB,174,72,68.5,158.7,23.78
208830,J. Vardy,32,England,82,Leicester City,17500000,115000,Right,ST,179,74,70.5,163.1,23.1
215333,D. Zapata,28,Colombia,82,Atalanta,23000000,80000,Right,LS,189,88,74.4,194.0,24.64
216475,Morales,31,Spain,82,Levante UD,20000000,39000,Right,LW,180,70,70.9,154.3,21.6
230168,Raphaelito Anjos,31,Brazil,82,Grêmio,14000000,32000,Right,GK,190,85,74.8,187.4,23.55
230225,Juiano Mestres,35,Brazil,82,Cruzeiro,6500000,28000,Right,RCB,181,82,71.3,180.8,25.03
230258,Rosberto Dourado,31,Brazil,82,Atlético Mineiro,17000000,46000,Right,RDM,175,70,68.9,154.3,22.86
245309,E. Schetino,27,Uruguay,82,Uruguay,0,0,Right,,185,80,72.8,176.4,23.37
245313,J. Sildero,27,Uruguay,82,Uruguay,0,0,Right,,177,75,69.7,165.3,23.94
231478,L. Martínez,21,Argentina,81,Inter,27000000,61000,Right,RS,174,81,68.5,178.6,26.75
234906,H. Aouar,21,France,81,Olympique Lyonnais,26000000,59000,Right,LCM,175,70,68.9,154.3,22.86
235569,T. Ndombele,22,France,81,Tottenham Hotspur,26000000,87000,Right,LDM,181,76,71.3,167.6,23.2
240130,Éder Militão,21,Brazil,81,Real Madrid,23000000,105000,Right,SUB,186,78,73.2,172.0,22.55
205659,A. Cragno,25,Italy,81,Cagliari,18000000,30000,Right,GK,184,78,72.4,172.0,23.04
221363,D. van de Beek,22,Netherlands,81,Ajax,24500000,24000,Right,CAM,184,74,72.4,163.1,21.86
221660,V. Lindelöf,24,Sweden,81,Manchester United,22000000,97000,Right,RCB,187,80,73.6,176.4,22.88
222509,Dani Ceballos,22,Spain,81,Arsenal,24000000,82000,Right,SUB,179,70,70.5,154.3,21.85
226456,Pablo Fornals,23,Spain,81,West Ham United,24500000,82000,Right,SUB,178,67,70.1,147.7,21.15
208333,E. Can,25,Germany,81,Juventus,23000000,110000,Right,RCM,184,82,72.4,180.8,24.22
211688,Gayà,24,Spain,81,Valencia CF,21000000,35000,Left,LB,172,66,67.7,145.5,22.31
236632,David Neres,22,Brazil,81,Ajax,24000000,26000,Left,LAM,175,66,68.9,145.5,21.55
210406,P. Zieliński,25,Poland,81,Napoli,22500000,71000,Right,LM,180,75,70.9,165.3,23.15
215316,G. Rulli,27,Argentina,81,Montpellier HSC,16000000,32000,Right,GK,189,84,74.4,185.2,23.52
199503,G. Xhaka,26,Switzerland,81,Arsenal,21500000,94000,Left,LDM,185,82,72.8,180.8,23.96
201400,Rafinha,26,Brazil,81,FC Barcelona,22000000,160000,Left,SUB,174,71,68.5,156.5,23.45
201455,G. Kondogbia,26,Central African Rep.,81,Valencia CF,21500000,45000,Left,SUB,188,80,74.0,176.4,22.63
204923,M. Sabitzer,25,Austria,81,RB Leipzig,22500000,59000,Right,RCM,177,77,69.7,169.8,24.58
205988,L. Shaw,23,England,81,Manchester United,20000000,97000,Left,LB,181,75,71.3,165.3,22.89
207877,J. Martínez,26,Venezuela,81,Atlanta United,22500000,14000,Right,ST,170,69,66.9,152.1,23.88
208135,A. Doucouré,26,France,81,Watford,20000000,73000,Right,RDM,184,76,72.4,167.6,22.45
226790,W. Ndidi,22,Nigeria,81,Leicester City,20500000,74000,Right,CDM,183,74,72.0,163.1,22.1
200316,T. Horn,26,Germany,81,1. FC Köln,15500000,28000,Left,GK,192,90,75.6,198.4,24.41
204638,W. Orban,26,Hungary,81,RB Leipzig,19000000,57000,Right,LCB,186,83,73.2,183.0,23.99
206467,A. Plea,26,France,81,Borussia Mönchengladbach,22000000,41000,Right,LS,181,79,71.3,174.2,24.11
207791,Y. Poulsen,25,Denmark,81,RB Leipzig,22000000,65000,Right,RS,193,78,76.0,172.0,20.94
207807,R. Fraser,25,Scotland,81,Bournemouth,21500000,76000,Right,LM,163,70,64.2,154.3,26.35
207862,M. Ginter,25,Germany,81,Borussia Mönchengladbach,19500000,33000,Right,RCB,191,89,75.2,196.2,24.4
209889,R. Guerreiro,25,Portugal,81,Borussia Dortmund,21500000,79000,Left,SUB,170,71,66.9,156.5,24.57
212814,João Mário,26,Portugal,81,Inter,21500000,74000,Right,RES,179,73,70.5,160.9,22.78
213874,Thiago Mendes,27,Brazil,81,Olympique Lyonnais,19000000,73000,Right,RCM,177,80,69.7,176.4,25.54
216145,A. Izzo,27,Italy,81,Torino,18500000,51000,Right,RCB,183,78,72.0,172.0,23.29
216352,M. Brozović,26,Croatia,81,Inter,19500000,68000,Right,CDM,181,68,71.3,149.9,20.76
190544,A. Ljajić,27,Serbia,81,Beşiktaş JK,20500000,80000,Right,CAM,182,74,71.7,163.1,22.34
193165,J. Corona,26,Mexico,81,FC Porto,21000000,19000,Right,RM,173,62,68.1,136.7,20.72
199575,Jordi Masip,30,Spain,81,Real Valladolid CF,14000000,21000,Right,GK,180,76,70.9,167.6,23.46
204120,T. Vaclík,30,Czech Republic,81,Sevilla FC,14000000,18000,Right,GK,188,85,74.0,187.4,24.05
206304,L. Milivojević,28,Serbia,81,Crystal Palace,17500000,66000,Right,RCM,186,80,73.2,176.4,23.12
208093,Gerard Moreno,27,Spain,81,Villarreal CF,21000000,45000,Left,ST,180,77,70.9,169.8,23.77
223689,W. Weghorst,26,Netherlands,81,VfL Wolfsburg,21000000,62000,Right,ST,197,84,77.6,185.2,21.64
20775,Quaresma,35,Portugal,81,Beşiktaş JK,8000000,59000,Right,RM,175,67,68.9,147.7,21.88
112316,J. Mathieu,35,France,81,Sporting CP,5500000,13000,Left,LCB,189,84,74.4,185.2,23.52
138412,J. Milner,33,England,81,Liverpool,10500000,105000,Right,SUB,175,70,68.9,154.3,22.86
142707,L. López,36,Argentina,81,Racing Club,6500000,25000,Right,LS,174,72,68.5,158.7,23.78
159145,B. Gomis,33,France,81,Al Hilal,11000000,56000,Right,LS,184,77,72.4,169.8,22.74
162240,M. Dembélé,31,Belgium,81,Guangzhou R&F FC,15000000,23000,Left,CM,185,85,72.8,187.4,24.84
162895,Cesc Fàbregas,32,Spain,81,AS Monaco,13500000,50000,Right,LCM,179,77,70.5,169.8,24.03
163489,A. Consigli,32,Italy,81,Sassuolo,11000000,48000,Right,GK,189,82,74.4,180.8,22.96
165229,L. Koscielny,33,France,81,FC Girondins de Bordeaux,8500000,39000,Right,CB,186,75,73.2,165.3,21.68
168530,Jardel,33,Brazil,81,SL Benfica,8500000,18000,Right,SUB,192,86,75.6,189.6,23.33
169195,Renato Augusto,31,Brazil,81,Beijing Sinobo Guoan FC,15000000,28000,Right,LAM,186,86,73.2,189.6,24.86
171791,José Fonte,35,Portugal,81,LOSC Lille,5500000,32000,Right,RCB,187,81,73.6,178.6,23.16
171897,A. Guardado,32,Mexico,81,Real Betis,13500000,32000,Left,LCM,169,67,66.5,147.7,23.46
173771,L. Piszczek,34,Poland,81,Borussia Dortmund,6000000,76000,Right,RB,184,79,72.4,174.2,23.33
176600,K. Gameiro,32,France,81,Valencia CF,14000000,48000,Right,RS,172,70,67.7,154.3,23.66
177388,D. Payet,32,France,81,Olympique de Marseille,14000000,46000,Right,LW,175,77,68.9,169.8,25.14
177600,Beñat,32,Spain,81,Athletic Club de Bilbao,13500000,32000,Right,LCM,177,76,69.7,167.6,24.26
178086,Adán,32,Spain,81,Atlético Madrid,11000000,46000,Left,SUB,190,92,74.8,202.8,25.48
179784,B. Höwedes,31,Germany,81,Lokomotiv Moscow,13000000,1000,Right,RCB,188,77,74.0,169.8,21.79
182494,F. Muslera,33,Uruguay,81,Galatasaray SK,9500000,59000,Right,GK,190,74,74.8,163.1,20.5
183394,M. Sissoko,29,France,81,Tottenham Hotspur,17000000,105000,Right,SUB,187,91,73.6,200.6,26.02
183498,M. Parolo,34,Italy,81,Lazio,7000000,54000,Right,SUB,184,75,72.4,165.3,22.15
184134,Fernando,31,Brazil,81,Sevilla FC,13500000,22000,Right,CDM,183,76,72.0,167.6,22.69
184144,N. Gaitán,31,Argentina,81,Chicago Fire,15500000,13000,Left,CAM,173,66,68.1,145.5,22.05
184431,S. Giovinco,32,Italy,81,Al Hilal,14000000,56000,Right,RS,163,61,64.2,134.5,22.96
185221,Luiz Gustavo,31,Brazil,81,Olympique de Marseille,13500000,42000,Left,CDM,187,78,73.6,172.0,22.31
188829,N. Nkoulou,29,Cameroon,81,Torino,15000000,54000,Right,CB,184,77,72.4,169.8,22.74
191202,N. Matić,30,Serbia,81,Manchester United,14500000,115000,Left,SUB,194,85,76.4,187.4,22.58
192638,Marcos Alonso,28,Spain,81,Chelsea,15000000,115000,Left,SUB,188,87,74.0,191.8,24.62
192883,H. Mkhitaryan,30,Armenia,81,Arsenal,17000000,94000,Right,SUB,177,75,69.7,165.3,23.94
194022,André Almeida,28,Portugal,81,SL Benfica,15000000,18000,Right,RB,185,80,72.8,176.4,23.37
203551,A. Florenzi,28,Italy,81,Roma,15000000,51000,Right,RB,173,67,68.1,147.7,22.39
204399,E. Zahavi,31,Israel,81,Guangzhou R&F FC,16000000,25000,Right,LW,182,71,71.7,156.5,21.43
207471,F. Vázquez,30,Argentina,81,Sevilla FC,16500000,24000,Left,LCM,186,82,73.2,180.8,23.7
208618,Lucas Vázquez,28,Spain,81,Real Madrid,18000000,180000,Right,SUB,173,70,68.1,154.3,23.39
216194,Dani García,29,Spain,81,Athletic Club de Bilbao,17000000,33000,Right,RCM,180,80,70.9,176.4,24.69
224334,M. Acuña,27,Argentina,81,Sporting CP,18500000,21000,Left,LW,172,69,67.7,152.1,23.32
230271,Laure Santeiro,31,Brazil,81,Fluminense,15500000,40000,Left,LM,171,63,67.3,138.9,21.55
245299,J. Frendado,35,Uruguay,81,Uruguay,0,0,Right,,181,82,71.3,180.8,25.03
245304,S. Ardero,31,Uruguay,81,Uruguay,0,0,Left,,171,63,67.3,138.9,21.55
245305,L. Dálves,27,Uruguay,81,Uruguay,0,0,Right,,188,83,74.0,183.0,23.48
251700,S. Mandíquez,30,Ecuador,81,Ecuador,0,0,Right,,188,84,74.0,185.2,23.77
242444,João Félix,19,Portugal,80,Atlético Madrid,28000000,38000,Right,RS,181,70,71.3,154.3,21.37
224232,N. Barella,22,Italy,80,Inter,21500000,60000,Right,RCM,175,68,68.9,149.9,22.2
225100,J. Gomez,22,England,80,Liverpool,20000000,73000,Right,RCB,188,77,74.0,169.8,21.79
213661,A. Christensen,23,Denmark,80,Chelsea,19000000,85000,Right,RCB,187,81,73.6,178.6,23.16
215698,M. Maignan,23,France,80,LOSC Lille,16000000,28000,Right,GK,191,89,75.2,196.2,24.4
216393,Y. Tielemans,22,Belgium,80,Leicester City,20500000,76000,Right,RCM,176,72,69.3,158.7,23.24
229668,Mario Hermoso,24,Spain,80,Atlético Madrid,19000000,46000,Left,SUB,184,75,72.4,165.3,22.15
234153,Carlos Soler,22,Spain,80,Valencia CF,21000000,36000,Right,RM,180,76,70.9,167.6,23.46
220477,M. Caldara,25,Italy,80,Milan,18000000,40000,Right,SUB,187,80,73.6,176.4,22.88
222400,H. Winks,23,England,80,Tottenham Hotspur,20000000,82000,Right,RDM,176,74,69.3,163.1,23.89
223113,K. Piątek,24,Poland,80,Milan,20500000,44000,Right,LS,183,77,72.0,169.8,22.99
224458,Diogo Jota,22,Portugal,80,Wolverhampton Wanderers,20500000,84000,Right,LS,178,73,70.1,160.9,23.04
226161,Marcos Llorente,24,Spain,80,Atlético Madrid,18500000,46000,Right,SUB,184,74,72.4,163.1,21.86
228618,F. Mendy,24,France,80,Real Madrid,18000000,115000,Left,SUB,180,73,70.9,160.9,22.53
236679,Melendo,21,Spain,80,RCD Espanyol,20500000,26000,Left,RM,167,63,65.7,138.9,22.59
239818,Rúben Dias,22,Portugal,80,SL Benfica,18500000,14000,Right,RCB,186,82,73.2,180.8,23.7
241671,D. Livaković,23,Croatia,80,Dinamo Zagreb,15500000,1000,Right,GK,187,79,73.6,174.2,22.59
203747,Héctor Bellerín,24,Spain,80,Arsenal,17500000,69000,Right,SUB,178,74,70.1,163.1,23.36
204884,B. Mendy,24,France,80,Manchester City,17500000,96000,Left,SUB,185,85,72.8,187.4,24.84
211591,M. Dembélé,22,France,80,Olympique Lyonnais,20000000,71000,Right,ST,183,74,72.0,163.1,22.1
211990,O. Vlachodimos,25,Greece,80,SL Benfica,14500000,12000,Right,GK,188,77,74.0,169.8,21.79
212623,Santi Mina,23,Spain,80,RC Celta,20000000,29000,Right,LS,181,77,71.3,169.8,23.5
212692,Rony Lopes,23,Portugal,80,Sevilla FC,20000000,19000,Left,LW,174,68,68.5,149.9,22.46
215330,J. Correa,24,Argentina,80,Lazio,20000000,53000,Right,CF,188,77,74.0,169.8,21.79
219809,T. Bakayoko,24,France,80,Chelsea,18000000,85000,Right,RES,189,85,74.4,187.4,23.8
226168,M. Eggestein,22,Germany,80,SV Werder Bremen,19500000,31000,Right,RCM,181,75,71.3,165.3,22.89
234035,Odriozola,23,Spain,80,Real Madrid,17500000,115000,Right,SUB,176,66,69.3,145.5,21.31
239207,M. Gómez,22,Uruguay,80,Valencia CF,20000000,40000,Right,SUB,186,84,73.2,185.2,24.28
202648,Sergi Darder,25,Spain,80,RCD Espanyol,19000000,33000,Right,LCM,180,71,70.9,156.5,21.91
204311,K. Zouma,24,France,80,Chelsea,17500000,85000,Right,LCB,190,96,74.8,211.6,26.59
207439,L. Paredes,25,Argentina,80,Paris Saint-Germain,19000000,79000,Right,SUB,180,75,70.9,165.3,23.15
208920,N. Aké,24,Netherlands,80,Bournemouth,17500000,58000,Left,LCB,180,75,70.9,165.3,23.15
210864,E. Hysaj,25,Albania,80,Napoli,17000000,60000,Right,SUB,182,70,71.7,154.3,21.13
211575,André Gomes,25,Portugal,80,Everton,17500000,76000,Right,LDM,188,84,74.0,185.2,23.77
215785,K. Baldé,24,Senegal,80,AS Monaco,19500000,40000,Right,SUB,181,80,71.3,176.4,24.42
222028,J. Weigl,23,Germany,80,Borussia Dortmund,17500000,61000,Right,RDM,186,72,73.2,158.7,20.81
223874,V. Rongier,24,France,80,FC Nantes,19000000,29000,Right,LCM,172,70,67.7,154.3,23.66
227950,Yeray,24,Spain,80,Athletic Club de Bilbao,17500000,23000,Right,RCB,183,78,72.0,172.0,23.29
242348,Loren,25,Spain,80,Real Betis,19500000,31000,Right,SUB,188,82,74.0,180.8,23.2
193352,R. Rodríguez,26,Switzerland,80,Milan,16000000,42000,Left,LB,180,77,70.9,169.8,23.77
198784,A. Oxlade-Chamberlain,25,England,80,Liverpool,18500000,90000,Right,SUB,175,70,68.9,154.3,22.86
199823,Campaña,26,Spain,80,Levante UD,18000000,31000,Right,CDM,179,70,70.5,154.3,21.85
201143,A. Mandi,27,Algeria,80,Real Betis,16000000,27000,Right,SUB,184,78,72.4,172.0,23.04
202477,Deulofeu,25,Spain,80,Watford,19000000,78000,Right,RS,177,73,69.7,160.9,23.3
205069,Bernat,26,Spain,80,Paris Saint-Germain,16000000,75000,Left,LB,170,67,66.9,147.7,23.18
205849,E. Andrada,28,Argentina,80,Boca Juniors,13500000,24000,Right,GK,194,81,76.4,178.6,21.52
207599,M. Keane,26,England,80,Everton,16500000,80000,Right,RCB,191,82,75.2,180.8,22.48
210513,J. Quintero,26,Colombia,80,River Plate,18500000,30000,Left,RES,168,67,66.1,147.7,23.74
210617,Samu Castillejo,24,Spain,80,Milan,19000000,40000,Left,SUB,182,67,71.7,147.7,20.23
215223,W. Benítez,26,Argentina,80,OGC Nice,13500000,30000,Right,GK,191,91,75.2,200.6,24.94
220018,A. Rebić,25,Croatia,80,Eintracht Frankfurt,19000000,44000,Right,ST,185,78,72.8,172.0,22.79
225508,E. Bailly,25,Ivory Coast,80,Manchester United,16500000,105000,Right,RES,186,77,73.2,169.8,22.26
230977,M. Almirón,25,Paraguay,80,Newcastle United,18500000,52000,Left,LS,174,63,68.5,138.9,20.81
235374,M. Lazzari,25,Italy,80,Lazio,18500000,53000,Right,RM,174,67,68.5,147.7,22.13
188988,M. Lanzini,26,Argentina,80,West Ham United,18000000,88000,Right,LM,167,59,65.7,130.1,21.16
190778,J. Zoet,28,Netherlands,80,PSV,13000000,18000,Right,GK,189,88,74.4,194.0,24.64
199005,M. Ryan,27,Australia,80,Brighton & Hove Albion,12500000,43000,Right,GK,184,82,72.4,180.8,24.22
199577,Sergi Gómez,27,Spain,80,Sevilla FC,15500000,20000,Right,LCB,185,80,72.8,176.4,23.37
200155,H. Vanaken,26,Belgium,80,Club Brugge KV,18000000,30000,Right,CAM,195,80,76.8,176.4,21.04
201922,M. Hinteregger,26,Austria,80,Eintracht Frankfurt,16000000,39000,Left,LCB,184,83,72.4,183.0,24.52
205362,M. Nastasić,26,Serbia,80,FC Schalke 04,16000000,35000,Left,LCB,188,83,74.0,183.0,23.48
208141,Gabriel,25,Brazil,80,SL Benfica,18000000,17000,Left,RCM,187,82,73.6,180.8,23.45
196978,C. Wilson,27,England,80,Bournemouth,17500000,81000,Right,ST,180,66,70.9,145.5,20.37
198118,J. Guilavogui,28,France,80,VfL Wolfsburg,14500000,51000,Right,CB,188,77,74.0,169.8,21.79
203483,D. Klaassen,26,Netherlands,80,SV Werder Bremen,17000000,35000,Right,LCM,179,70,70.5,154.3,21.85
203605,P. Kadeřábek,27,Czech Republic,80,TSG 1899 Hoffenheim,14500000,39000,Right,RWB,182,81,71.7,178.6,24.45
204024,C. Kramer,28,Germany,80,Borussia Mönchengladbach,14500000,34000,Right,SUB,191,76,75.2,167.6,20.83
204525,Iñigo Martínez,28,Spain,80,Athletic Club de Bilbao,14500000,29000,Left,LCB,182,77,71.7,169.8,23.25
205070,Portu,27,Spain,80,Real Sociedad,17500000,38000,Right,SUB,178,70,70.1,154.3,22.09
206545,Manu Trigueros,27,Spain,80,Villarreal CF,16500000,39000,Right,LDM,178,75,70.1,165.3,23.67
208128,H. Çalhanoğlu,25,Turkey,80,Milan,17500000,48000,Right,SUB,178,76,70.1,167.6,23.99
208498,M. Dabbur,27,Israel,80,Sevilla FC,17500000,24000,Right,SUB,182,76,71.7,167.6,22.94
210665,M. Halstenberg,27,Germany,80,RB Leipzig,14500000,53000,Left,LWB,187,82,73.6,180.8,23.45
219985,M. Vecino,27,Uruguay,80,Inter,15000000,63000,Right,SUB,187,81,73.6,178.6,23.16
220407,M. Dúbravka,30,Slovakia,80,Newcastle United,11500000,37000,Right,GK,190,80,74.8,176.4,22.16
227290,M. Dmitrović,27,Serbia,80,SD Eibar,12000000,22000,Left,GK,194,94,76.4,207.2,24.98
45186,Joaquín,37,Spain,80,Real Betis,5000000,22000,Right,LM,179,75,70.5,165.3,23.41
54050,W. Rooney,33,England,80,DC United,9500000,13000,Right,ST,176,83,69.3,183.0,26.79
110677,Moyá,35,Spain,80,Real Sociedad,4000000,17000,Right,GK,188,83,74.0,183.0,23.48
139068,Nani,32,Portugal,80,Orlando City SC,11500000,13000,Right,LW,177,70,69.7,154.3,22.34
142754,J. Mascherano,35,Argentina,80,Hebei China Fortune FC,4700000,13000,Right,CDM,174,73,68.5,160.9,24.11
146748,Diego López,37,Spain,80,RCD Espanyol,1500000,17000,Right,GK,196,89,77.2,196.2,23.17
148119,I. Akinfeev,33,Russia,80,PFC CSKA Moscow,8000000,1000,Right,GK,186,78,73.2,172.0,22.55
153244,A. Gignac,33,France,80,Tigres U.A.N.L.,9500000,88000,Right,ST,187,91,73.6,200.6,26.02
154472,Jorge Molina,37,Spain,80,Getafe CF,5500000,25000,Right,LS,188,72,74.0,158.7,20.37
158121,B. Costil,31,France,80,FC Girondins de Bordeaux,9500000,30000,Right,GK,187,88,73.6,194.0,25.17
159147,L. Perrin,33,France,80,AS Saint-Étienne,7000000,37000,Right,LCB,181,80,71.3,176.4,24.42
163155,B. Foster,36,England,80,Watford,2500000,36000,Left,GK,193,90,76.0,198.4,24.16
163264,T. Heaton,33,England,80,Aston Villa,8000000,50000,Right,GK,187,92,73.6,202.8,26.31
